First Name,Last Name,Company Name,Role in Company,Address,Email,Phone Number
John,Doe,Acme Inc.,Engineer,123 Main St,john.doe1@example.com,5551000001
Jane,Smith,Globex,Analyst,42 Market Rd,jane.smith2@example.com,5551000002
Adam,Johnson,Initech,Manager,7 Park Ave,adam.johnson3@example.com,5551000003
Ava,Williams,Stark Ltd,Consultant,19 River St,ava.williams4@example.com,5551000004
Noah,Brown,Wayne Corp,Architect,88 Lake Dr,noah.brown5@example.com,5551000005
Emma,Jones,Fabrikam,Scientist,5 Hill Way,emma.jones6@example.com,5551000006
Liam,Miller,Wonka Co.,Operator,321 Pine Ln,liam.miller7@example.com,5551000007
Olivia,Davis,Oscorp,Designer,12 Oak Rd,olivia.davis8@example.com,5551000008
Ethan,Garcia,Tyrell LLC,Developer,66 Maple St,ethan.garcia9@example.com,5551000009
Mia,Martinez,BLUTH Co.,Coordinator,101 Cedar Ct,mia.martinez10@example.com,5551000010
